<?xml version="1.0" encoding="UTF-8"?>
<addon
  id="pvr.hts"
  version="2.2.15"
  name="Tvheadend HTSP Client"
  provider-name="Adam Sutton, Sam Stenvall, Lars Op den Kamp, Kai Sommerfeld">
  <requires>
    <c-pluff version="0.1"/>
    <import addon="xbmc.pvr" version="4.1.0"/>
    <import addon="xbmc.codec" version="1.0.1"/>
  </requires>
  <extension
    point="xbmc.pvrclient"
    library_linux="pvr.hts.so.2.2.15"
    avahi_type="_htsp._tcp."
    avahi_ip_setting="host"
    avahi_port_setting="htsp_port"/>
  <extension point="xbmc.addon.metadata">
    <summary lang="af_ZA">Kodi se voorprogram vir Tvheadend</summary>
    <summary lang="be_BY">Kodi's frontend for Tvheadend</summary>
    <summary lang="bg_BG">Kodi клиент за Tvheadend</summary>
    <summary lang="ca_ES">Frontal del Kodi pel Tvheadend</summary>
    <summary lang="cs_CZ">Rozhraní Kodi pro Tvheadend</summary>
    <summary lang="cy_GB">Blaen Kodi ar gyfer Tvheadend</summary>
    <summary lang="da_DK">Kodis brugerflade til Tvheadend</summary>
    <summary lang="de_DE">Kodi-PVR-Client für Tvheadend</summary>
    <summary lang="el_GR">Το frontend του Kodi για το Tvheadend</summary>
    <summary lang="en_AU">Kodi's frontend for Tvheadend</summary>
    <summary lang="en_GB">Kodi's frontend for Tvheadend</summary>
    <summary lang="en_NZ">Kodi's frontend for Tvheadend</summary>
    <summary lang="en_US">Kodi's frontend for Tvheadend</summary>
    <summary lang="es_AR">Interfaz Kodi para Tvheadend</summary>
    <summary lang="es_ES">Interfaz Kodi para Tvheadend</summary>
    <summary lang="et_EE">Kodi esi Tvheadend'ile</summary>
    <summary lang="fi_FI">Kodi:n Tvheadend-tuki</summary>
    <summary lang="fr_CA">Frontal Kodi pour Tvheadend</summary>
    <summary lang="fr_FR">Interface logicielle pour Tvheadend</summary>
    <summary lang="gl_ES">Interface do Kodi para Tvheadend</summary>
    <summary lang="he_IL">לקוח טלוויזיה חיה עבור Tvheadend</summary>
    <summary lang="hr_HR">Kodi sučelje za Tvheadend</summary>
    <summary lang="hu_HU">Kodi előtét a TVHeadend-hez</summary>
    <summary lang="id_ID">Frontend Kodi untuk Tvheadend</summary>
    <summary lang="is_IS">Kodi framendi fyrir Tvheadend</summary>
    <summary lang="it_IT">Frontend di Kodi per Tvheadend</summary>
    <summary lang="ja_JP">TVheadend 用 Kodi フロントエンド</summary>
    <summary lang="ko_KR">Tvheadend 을 위한 Kodi 프론트엔드</summary>
    <summary lang="lt_LT">Kodi naudotojo sąsaja skirta Tvheadend</summary>
    <summary lang="lv_LV">Kodi galasistēma Tvheadend</summary>
    <summary lang="mk_MK">Kodi's frontend for Tvheadend</summary>
    <summary lang="mn_MN">Tvheadend зориулагдсан Kodi-ийн нүүр</summary>
    <summary lang="ms_MY">Bahagian hadapan Kodi untuk </summary>
    <summary lang="mt_MT">Faċċata ta' Kodi għat- TVheadend</summary>
    <summary lang="nb_NO">Kodi sitt frontend for Tvheadend</summary>
    <summary lang="nl_NL">Kodi's frontend voor Tvheadend</summary>
    <summary lang="pl_PL">Klient telewizyjny dla Tvheadend</summary>
    <summary lang="pt_BR">Frontend Kodi para Tvheadend</summary>
    <summary lang="pt_PT">Interface Tvheadend para o Kodi</summary>
    <summary lang="ro_RO">Interfața Kodi pentru Tvheadend</summary>
    <summary lang="ru_RU">Интерфейс Kodi для Tvheadend</summary>
    <summary lang="sk_SK">Kodi rozhranie pre Tvheadend</summary>
    <summary lang="sl_SI">Kodijev vmesnik za Tvheadend</summary>
    <summary lang="sq_AL">Frontend i Kodi'së për Tvheadend</summary>
    <summary lang="sr_RS">Kodi-јев интерфејс за Tvheadend</summary>
    <summary lang="sr_RS@latin">Kodijev interfejs za Tvheadend</summary>
    <summary lang="sv_SE">Kodi's frontend för Tvheadend</summary>
    <summary lang="szl">Frontend do Tvheadend ôd Kodi</summary>
    <summary lang="te_IN">Tvheadend కోసం కోడి యొక్క ఫ్రంటెండ్</summary>
    <summary lang="tg_TJ">Интерфейси Kodi барои Tvheadend</summary>
    <summary lang="tr_TR">Tvheadend için Kodi ön ucu</summary>
    <summary lang="uk_UA">Інтерфейс Kodi для Tvheadend</summary>
    <summary lang="vi_VN">Giao tiếp Kodi cho Tvheadend</summary>
    <summary lang="zh_CN">Kodi 的 Tvheadend 前端</summary>
    <summary lang="zh_TW">Kodi的前端Tvheadend</summary>
    <description lang="af_ZA">Tvheadend voorprogram; ondersteun stroom van Lewendige TV &amp; Opnames, EPG, Tydhouers</description>
    <description lang="be_BY">Tvheadend frontend; supporting streaming of Live TV &amp; Recordings, EPG, Timers</description>
    <description lang="bg_BG">Tvheadend клиент. Поддържа поточна телевизия, записване, електронен програмен справочник и броячи.</description>
    <description lang="ca_ES">Interfície per al Tvheadend; compatible amb la transmissió de TV en viu i enregistraments, EPG, temporitzadors</description>
    <description lang="cs_CZ">Rozhraní Tvheadend. Podporuje proudové vysílání živého vysílání a nahrávek, poslech kanálů rádia, EPG, a časovače.</description>
    <description lang="cy_GB">Blaen Tvheadend: cefnogi ffrydio Teledu Byw a Recordio, Amserlenni, Amseryddion</description>
    <description lang="da_DK">Tvheadend-brugerflade; understøtter streaming af direkte tv og optagelser, EPG og timere</description>
    <description lang="de_DE">PVR-Client für Tvheadend. Unterstützt TV &amp; Aufnahmen, TV-Guide (EPG) und Timer.</description>
    <description lang="el_GR">Frontend για το Tvheadend. Υποστηρίζει ροές Live TV &amp; Εγγραφές, EPG, Χρονοδιακόπτες</description>
    <description lang="en_AU">Tvheadend frontend; supporting streaming of Live TV &amp; Recordings, EPG, Timers</description>
    <description lang="en_GB">Tvheadend frontend; supporting streaming of Live TV &amp; Recordings, EPG, Timers</description>
    <description lang="en_NZ">Tvheadend frontend; supporting streaming of Live TV &amp; Recordings, EPG, Timers</description>
    <description lang="en_US">Tvheadend frontend; supporting streaming of Live TV &amp; Recordings, EPG, Timers</description>
    <description lang="es_AR">Interfaz Tvheadend; soporta la reproducción de TV en vivo, grabación, guía de programación, temporizadores</description>
    <description lang="es_ES">Interfaz Tvheadend; soporta la reproducción de TV en vivo, grabación, guía de programación, temporizadores</description>
    <description lang="et_EE">Tvheadend esi. Toetab telekanalite striimimist ja salvestamist ning elektroonilist saatekava.</description>
    <description lang="fi_FI">Tvheadend; tukee reaaliaikaisen television ja nauhoituksien streamausta, EPGtä ja nauhoituksien ajastusta.</description>
    <description lang="fr_CA">Frontal pour Tvheadend, prenant en charge la diffusion en continu des télés en direct &amp; les enregistrements, le GÉP et minuteries.</description>
    <description lang="fr_FR">Interface logicielle pour Tvheadend gérant la lecture en continu de la TV en direct et des enregistrements, le guide électronique des programmes TV et les programmations.</description>
    <description lang="gl_ES">Interface Tvheadend; soporta a transmisión de TV en directo e Gravacións, Guía, temporizadores</description>
    <description lang="he_IL">לקוח טלוויזיה חיה של Tvheadend. תומך בהזרמת שידורים חיים והקלטות, האזנה לרדיו, הצגת לוח שידורים ותזמון הקלטות.</description>
    <description lang="hr_HR">Tvheadend pozadinski softver podržava gledanje i snimanje TV programa, elektronski programski vodič (EPG) i zakazano snimanje.</description>
    <description lang="hu_HU">TVHeadend előtét. Élő adások és felvételek támogatása EPG-vel és időzítéssel</description>
    <description lang="id_ID">Frontend Tvheadend; mendukung menangkap siaran TV Live &amp; Rekaman, EPG, Timer</description>
    <description lang="is_IS">Tvheadend framendi; styður streymingu á beinum sjónvarpi og upptökum, rafrænum sjónvarpsvísum (EGP), tímatökur</description>
    <description lang="it_IT">Frontend di Tvheadend; supporta lo streaming di Live TV &amp; Registrazione, EPG, Timers</description>
    <description lang="ja_JP">TVheadend フロントエンドです。ライブTVストリーミング、録画、EPG、タイマーをサポートしています。</description>
    <description lang="ko_KR">Tvheadend 프론트엔드; TV 시청 &amp; 녹화, EPG, 타이머 지원</description>
    <description lang="lt_LT">Tvheadend naudotojo sąsaja; palaiko televizijos transliacijas ir įrašus, EPG, laikmačius</description>
    <description lang="lv_LV">Tvheadend galasistēma; atbalsta tieštaides TV un ierakstu straumēšanu, EPG, taimerus</description>
    <description lang="mk_MK">Tvheadend frontend; supporting streaming of Live TV &amp; Recordings, EPG, Timers</description>
    <description lang="mn_MN">Tvheadend нүүр; Live TV &amp; бичлэг дамжуулалт, EPG, Timer</description>
    <description lang="ms_MY">Bahagian hadapan Tvheadend; menyokong penstriman  Langsung &amp; Rakaman, EPG, Pemasa TV</description>
    <description lang="mt_MT">Faċċata ta' TVheadend; jiflaħ għal streaming ta' TV Lajv u rekordings, EPG, Arloġġi</description>
    <description lang="nb_NO">Tvheadend frontend; støtte for visning av direkte TV og opptakk, EPG, tidstakere</description>
    <description lang="nl_NL">Tvheadend frontend; ondersteuning van streaming, Live TV &amp; opnames, EPG, Timers</description>
    <description lang="pl_PL">Klient telewizyjny dla Tvheadend obsługuje strumieniowanie kanałów radiowych i telewizyjnych, nagrywanie i harmonogram nagrań oraz funkcje przewodnika telewizyjnego.</description>
    <description lang="pt_BR">Tvheadend; suporta streaming de TV Ao Vivo e Gravada, EPG, Agendamentos</description>
    <description lang="pt_PT">Interface Tvheadend. Suporta transmissão e gravação de TV em direto, EPG e temporizadores.</description>
    <description lang="ro_RO">Partea din față pentru Tvheadend; suportă difuzarea în flux a televiziunii în direct și a înregistrăriilor, EPG, Cronometre</description>
    <description lang="ru_RU">Интерфейс для Tvheadend. Поддерживает просмотр и запись ТВ, EPG и таймеры</description>
    <description lang="sk_SK">Rozhranie pre Tvheadend; je podporované streamovanie živého televízneho vysielania a nahrávok, EPG, časovačov</description>
    <description lang="sl_SI">Vmesnik za Tvheadend; podpira pretakanje televizije v živo &amp; posnetkov, EPG, časovnike</description>
    <description lang="sq_AL">Tvheadend frotnend përkrahën transmetimin e Live TV'së, EPG'së dhe "timer'ë"</description>
    <description lang="sr_RS">Tvheadend интерфејс; подржава стримовање ТВ Уживо &amp; Снимака, EPG, Тајмере</description>
    <description lang="sr_RS@latin">Tvheadend interfejs; podržava strimovanje TV Uživo &amp; Snimaka, EPG, Tajmere</description>
    <description lang="sv_SE">Tvheadend frontend; stödjer strömning av direktsänd TV &amp; inspelningar, EPG, Timers</description>
    <description lang="szl">Frontend Tvheadend; podpiyrŏ strumiyniowaniy TV, nagrań, EPG i minutnikōw</description>
    <description lang="te_IN">Tvheadend ఫ్రంటెండ్; Live TV &amp; రికార్డింగ్స్, EPG, టైమర్లు , స్ట్రీమింగ్ మద్దతు కలదు</description>
    <description lang="tg_TJ">Интерфейси Tvheadend; дастгирии ҷараёни Сабтҳо, Вақтсанҷҳо, Live TV ва EPG</description>
    <description lang="tr_TR">Tvheadend ön ucu; Canlı TV akışı ve kayıt yapabilme, EPG ve zamanlayıcıları destekler</description>
    <description lang="uk_UA">Інтерфейс для Tvheadend; підтримує передачу і запис потокового телебачення, EPG (телегід) і таймери.</description>
    <description lang="vi_VN">Giao tiếp cho Tvheadend; hỗ trợ truyền phát và thu chương trình Live TV, hẹn giờ, và hiển thị lịch chiếu (EPG)</description>
    <description lang="zh_CN">Tvheadend 前端，支持直播电视和录像流媒体、电子节目单、定时器</description>
    <description lang="zh_TW">Tvheadend前端，支援的串流媒體包含有直播電視和錄製節目，電子節目表，定時器 等</description>
    <disclaimer lang="af_ZA">Hierdie is onstabiele sagteware! Die outeurs is op geen manier verantwoordelik vir gefaalde opnames, inkorrekte tydhouers, vermorsde ure, of enige ander ongewensde effekte...</disclaimer>
    <disclaimer lang="be_BY">This is unstable software! The authors are in no way responsible for failed recordings, incorrect timers, wasted hours, or any other undesirable effects..</disclaimer>
    <disclaimer lang="bg_BG">Тази програма е нестабилна! Авторите не носят отговорност за неуспешно записване, некоректни броячи, пропиляното време и други нежелани ефекти.</disclaimer>
    <disclaimer lang="ca_ES">Això és programari inestable! Els autors no són de cap manera responsables dels enregistraments que han fallat, temporitzadors incorrectes, hores perdudes, o qualssevol altres efectes no desitjats..</disclaimer>
    <disclaimer lang="cs_CZ">Tento software není stabilní. Autoři nejsou žádným způsobem zodpovědní za selhání při nahrávání, neplatné časovače, ztracený čas, či jakékoliv jiné nežádoucí události...</disclaimer>
    <disclaimer lang="cy_GB">Mae hwn yn feddalwedd ansad! Nid yw'r awduron yn gyfrifol mewn unrhyw ffordd am fethu recordio, amseru gwallus, oriau wedi eu gwastraffu nac effeithiau anymunol eraill.</disclaimer>
    <disclaimer lang="da_DK">Dette er ustabil software! Ophavsmændene er på ingen måde ansvarlige for mislykkede optagelser, ukorrekte timere, spildte timer, eller andre uønskede konsekvenser.</disclaimer>
    <disclaimer lang="de_DE">Dies ist instabile Software! Die Autoren sind in keiner Weise verantwortlich für fehlgeschlagene Aufnahmen, falsche Timer, verschwendete Zeit oder andere ungewünschte Effekte.</disclaimer>
    <disclaimer lang="el_GR">Ασταθές πρόγραμμα! Οι δημιουργοί δεν είναι σε καμία περίπτωση υπεύθυνοι για αποτυχημένες εγγραφές, λανθασμένους χρονοδιακόπτες, χαμένες ώρες, ή κάθε είδους ανεπιθύμητα αποτελέσματα..</disclaimer>
    <disclaimer lang="en_AU">This is unstable software! The authors are in no way responsible for failed recordings, incorrect timers, wasted hours, or any other undesirable effects..</disclaimer>
    <disclaimer lang="en_GB">This is unstable software! The authors are in no way responsible for failed recordings, incorrect timers, wasted hours, or any other undesirable effects..</disclaimer>
    <disclaimer lang="en_NZ">This is unstable software! The authors are in no way responsible for failed recordings, incorrect timers, wasted hours, or any other undesirable effects..</disclaimer>
    <disclaimer lang="en_US">This is unstable software! The authors are in no way responsible for failed recordings, incorrect timers, wasted hours, or any other undesirable effects..</disclaimer>
    <disclaimer lang="es_AR">¡Este software es inestable! Los autores no se responsabilizan por grabaciones fallidas, temporizadores incorrectos, horas perdidas, o cualquier otro efecto no deseado..</disclaimer>
    <disclaimer lang="es_ES">¡Este software es inestable! Los autores no se responsabilizan de grabaciones fallidas, temporizadores incorrectos, horas perdidas, o cualquier otro efecto no deseado...</disclaimer>
    <disclaimer lang="es_MX">¡Esto es software inestable! Los autores no son de ninguna manera responsables por grabaciones fallidas, temporizadores incorrectos, horas perdidas o cualquier otro efecto no deseado...</disclaimer>
    <disclaimer lang="et_EE">See on ebastabiilne tarkvara! Autorid ei ole kuidagi moodi vastutavad nurjunud salvestiste, ebaõige aegrelee, raisatud tundide ega muude soovimatute asjade eest.</disclaimer>
    <disclaimer lang="fi_FI">Tämä on epävakaa ohjelma! Ohjelman kirjoittavat eivät vastaa millään tavalla epäonnistuneista nauhoituksista, ajastimen väärästä toiminnasta, hukatusta ajasta tai muista ei-halutuista tapahtumista.</disclaimer>
    <disclaimer lang="fr_CA">Ce logiciel est instable! Les auteurs ne sont aucunement responsables des enregistrements défaillants, des minuteries erronées, des heures perdues ou tout autre effet indésirable.</disclaimer>
    <disclaimer lang="fr_FR">Logiciel en cours d'élaboration ! Les auteurs ne sont en aucun cas responsables de l'échec des enregistrements, programmations défectueuses, temps perdu ou autres effets indésirables.</disclaimer>
    <disclaimer lang="gl_ES">Este é software non estable, os autores non se fan responsábeis dos erros na gravacións, temporizadores incorrectos, e outros efectos non desexados.</disclaimer>
    <disclaimer lang="he_IL">זוהי איננה הרחבה יציבה! המפתחים אינם אחראים על כשלון בניגון, זמנים שגויים במדריך השידורים, שעות מבוזבזות או כל תופעה לא רצויה אחרת.</disclaimer>
    <disclaimer lang="hr_HR">Ovo je nestabilan softver! Autori nisu ni na koji način odgovorni za neuspjelo snimanje, netočna vremena snimanja, izgubljene sate, ili bilo koje druge nepoželjne učinke.</disclaimer>
    <disclaimer lang="hu_HU">Ez nem stabil szoftver! A készítők nem vállalnak felelősséget, a hibás felvételért, rossz időzítésért, elvesztegetett időért...</disclaimer>
    <disclaimer lang="hy_AM">Սա անկայուն ծրագրային ապահովում է: Հեղինակները պատասխանատու չեն վատ ձայնագրումների, սխալ ժամանակացույցերի, կորած ժամանակի կամ այլ ոչ ցանկալի երևույթների համար:</disclaimer>
    <disclaimer lang="id_ID">Ini merupakan software yang tidak stabil! Penulis tidak bertanggung jawab untuk rekaman gagal, timer salah, waktu terbuang, atau efek tak diinginkan lainnya...</disclaimer>
    <disclaimer lang="is_IS">Þetta er óstöðugur hugbúnaður! Höfundarnir eru á engann hátt ábyrgir fyrir misheppnuðum upptökum, röngum upptökutímum, klukkustundum sem að fóru í súginn eða nokkrum öðrum óæskilegum áhrifum.</disclaimer>
    <disclaimer lang="it_IT">Questo software è instabile! Gli autori non sono in alcun modo responsabili per registrazioni fallite, timers incorretti, ore perse, o qualsiasi altro effetto indesiderato.</disclaimer>
    <disclaimer lang="ja_JP">これは不安定なソフトウェアです！本プログラムの作者は、録画の失敗、正確に作動しなかったタイマー、無駄にした時間、その他あらゆる好ましくない結果について責任を負わないものとします。</disclaimer>
    <disclaimer lang="ko_KR">이 소프트웨어는 불안정합니다! 제작자는 녹화 실패, 부정확한 타이머, 시간 낭비 및 기타 예상하지 못한 결과에 대해 책임지지 않습니다..</disclaimer>
    <disclaimer lang="lt_LT">Tai yra nestabili programinė įranga! Autorius jokiu būdu nėra neatsakingas už nepavykusius įrašus, neteisingus laikmačius, iššvaistytas valandas, ar nutikus kitiems nepageidaujamiems poveikiams ...[COLOR=red](Kodi.lt siūlo/rekomenduoja testuojant šį priedą persijungti į Anglų [orinali] kalbą)[/COLOR]</disclaimer>
    <disclaimer lang="lv_LV">Šī ir nestabila programmatūra! Autori nav atbildīgi par nesanākušiem ierakstiem, nepareiziem taimeriem, iztērētām stundām vai jebkādiem citiem nevēlamiem efektiem..</disclaimer>
    <disclaimer lang="mk_MK">This is unstable software! The authors are in no way responsible for failed recordings, incorrect timers, wasted hours, or any other undesirable effects.</disclaimer>
    <disclaimer lang="mn_MN">Тус програм нь гүйцэд хийгдэж дуусаагүй! Зохиогч нь алдаатай бичлэг, цагийн буруу хөтлөлт, алдагдсан цаг хугацаа эсвэл бусад ямар нэгэн хүсээгүй үр дүнд хариуцлага хүлээхгүй.</disclaimer>
    <disclaimer lang="ms_MY">Ini merupakan perisian tidak stabil! Pengarang tidak bertanggungjawab atas kegagalan rakaman, pemasa tidak betul, masa yang dibazirkan, atau apa jua kesan yang tidak dikehendaki..</disclaimer>
    <disclaimer lang="mt_MT">Dan il-programm mhuwiex stabbli! L-Awturi m'humiex responsabbli bl-ebda mod għal rekordings li ma jirnexxewx, arloġġi żbaljati, siegħat moħlija, jew kwalunkwe effett ieħor mhux mixtieq.</disclaimer>
    <disclaimer lang="nb_NO">Dette er ustabilt programvare! Forfatterne er ikke ansvarlig på noen måte for ødelagte opptak, feile timere, bortkastede timer, eller andre uønskede hendinger...</disclaimer>
    <disclaimer lang="nl_NL">Dit is instabiele software! De auteurs zijn op geen enkele wijze verantwoordelijk voor de mislukte opnames, onjuiste timers, verspilde uren, of een andere ongewenste effecten.</disclaimer>
    <disclaimer lang="pl_PL">Oprogramowanie nadal jest w fazie rozwoju i jest niestabilne! Autorzy w żaden sposób nie są odpowiedzialni za nieudane nagrania, błędy w harmonogramie nagrań, zmarnowany czas ani jakiekolwiek inne niepożądane efekty.</disclaimer>
    <disclaimer lang="pt_BR">Este é um software instável! Os autores não são responsáveis por falhas nas gravações, agendamentos incorretos, horas desperdiçadas, ou quaisquer outros efeitos indesejáveis...</disclaimer>
    <disclaimer lang="pt_PT">Este software é instável! Os autores não podem ser responsabilizados por gravações falhadas, temporizadores incorretos, horas desperdiçadas ou qualquer outro tipo de efeitos indesejáveis...</disclaimer>
    <disclaimer lang="ro_RO">Acest software nu este stabil! Autorii nu sunt în niciun caz responsabili pentru înregistrările eșuate, cronometre incorecte, ore pierdute sau orice alt efect nedorit.</disclaimer>
    <disclaimer lang="ru_RU">Это нестабильная программа! Авторы не несут ответственности за неудачную запись, неправильные таймеры, потраченное время и другие нежелательные последствия.</disclaimer>
    <disclaimer lang="si_LK">මෙය අස්ථිර මෘදුකාංගයකි! මෙහි සිදුවන පටිගත කිරීම් අසාර්ථක වීම්, සාවද්‍ය මුහුර්තක, නාස්ති වූ කාලයන්, හෝ වෙනත් යමිකිසි නුසුදුසු බලපෑම් සඳහා කතෘ වග කියනු නොලැබේ.</disclaimer>
    <disclaimer lang="sk_SK">Tento softvér nie je stabilný! Autori nenesú žiadnu zodpovednosť za chybné nahrávky vysielania, nesprávne časovače alebo iné neželané udalosti spôsobené týmto softvérom..</disclaimer>
    <disclaimer lang="sl_SI">To je nestabilna programska oprema! Avtorji niso odgovorni za neuspela snemanja, nepravilne časovnike, zapravljen čas in katerikoli drug neželen učinek...</disclaimer>
    <disclaimer lang="sq_AL">Ky program nuk është ende stabil! Autorët e këtij programi nuk janë në as një menyr përgjegjës për rregistrime të gabuara, timer të pasaktë, kohë të humbur ose efekte të tilla të padëshirueshme.</disclaimer>
    <disclaimer lang="sr_RS">Овај софтвер је нестабилан! Аутори ни на који начин нису одговорни за неуспела снимања, неисправне тајмере, изгубљене сате, или било које друге нежељене ефекте...</disclaimer>
    <disclaimer lang="sr_RS@latin">Ovaj softver je nestabilan! Autori ni na koji način nisu odgovorni za neuspela snimanja, neispravne tajmere, izgubljene sate, ili bilo koje druge neželjene efekte...</disclaimer>
    <disclaimer lang="sv_SE">Detta är ostabil programvara! Upphovsmännen är inte ansvariga för felaktiga inspelningar, inkorrekta timers, slösad tid eller andra oönskade effekter..</disclaimer>
    <disclaimer lang="szl">To je niystabilny softwer! Autōry niy sōm ôdpedzialne za niypodarzōne graniy, niynŏleżne godziny EPG, stracōne godziny i inksze niychciane efekty.</disclaimer>
    <disclaimer lang="te_IN">ఇది అస్థిర సాఫ్ట్వేర్! విఫలమైన రికార్డింగ్లు, తప్పు టైమర్లు, వృధా గంటల, లేదా ఏ ఇతర అవాంఛనీయ ప్రభావాలకు ఏ విధంగా రచయితలు భాద్యుతులు కారు.</disclaimer>
    <disclaimer lang="tg_TJ">Ин нармафзори ноустувор аст! Муаллифон барои вайрониҳои сабт, вақтсанҷҳои нодуруст, соатҳои бефоида ва дигар таъсирҳои номатлуб ҷавобгар намебошанд.</disclaimer>
    <disclaimer lang="tr_TR">Bu kararsız bir yazılımdır! Yapımcılar hatalı kayıtlardan, bozuk sürelerden, harcanan vakitten veya herhangi bir olumsuz etkiden dolayı sorumlu tutulamaz.</disclaimer>
    <disclaimer lang="uk_UA">Це нестабільна програма! Автори не несуть відповідальності за зіпсовані записи, неправильні таймери, втрачений час та інші небажані ефекти.</disclaimer>
    <disclaimer lang="vi_VN">Đây là phần mềm không ổn định! Các tác giả không chịu trách nhiệm đối với bản ghi âm thất bại, giờ không chính xác, giờ lãng phí, hoặc bất kỳ tác dụng không mong muốn khác..</disclaimer>
    <disclaimer lang="zh_CN">这是不稳定版的软件！作者不对录像失败、错误定时造成时间浪费或其它不良影响负责。</disclaimer>
    <disclaimer lang="zh_TW">這是測試版軟體！其原創作者並無法對於以下情況負責，包含：錄影失敗，不正確的定時設定，多餘時數，或任何產生的其它不良影響...</disclaimer>
    <platform>linux</platform>
  </extension>
</addon>
