<?xml version="1.0" encoding="UTF-8" standalone="yes"?>
<addon id="service.system.syncthing"
       name="syncthing"
       version="7.0.100"
       provider-name="Anton Voyl (awiouy at gmail dot com)">
  <requires>
    <import addon="os.libreelec.tv" version="7.0"/>
    <import addon="xbmc.python" version="2.1.0"/>

  </requires>
  <extension point="xbmc.service" library="default.py">
    <provides></provides>
  </extension>
  <extension point="xbmc.addon.metadata">
    <summary>Open Source Continuous File Synchronization</summary>
    <description>
Syncthing replaces proprietary sync and cloud services with something open, trustworthy and decentralized. Your data is your data alone and you deserve to choose where it is stored, if it is shared with some third party and how it's transmitted over the Internet.
    </description>
    <disclaimer>

    </disclaimer>
    <platform>all</platform>
  </extension>
</addon>
