<?xml version="1.0" encoding="UTF-8"?>
<addon
  id="audioencoder.flac"
  version="1.0.0"
  name="Flac Audio Encoder"
  provider-name="spiff">
  <requires>
    <import addon="xbmc.audioencoder" version="1.0.0"/>
  </requires>
  <extension
    point="xbmc.audioencoder"
    extension=".flac"
    library_linux="audioencoder.flac.so.1.0.0"/>
  <extension point="xbmc.addon.metadata">
    <summary lang="en">Flac Audio Encoder</summary>
    <description lang="en">Flac Audio Encoder</description>
    <platform>linux</platform>
  </extension>
</addon>
