<?xml version="1.0" encoding="UTF-8" standalone="yes"?>
<addon id="virtual.multimedia-tools"
       name="Multimedia Tools"
       version="7.0.100"
       provider-name="libreelec.tv">
  <requires>
    <import addon="os.libreelec.tv" version="7.0"/>
    <import addon="xbmc.python" version="2.1.0"/>

  </requires>
  <extension point="xbmc.python.script" library="default.py">
    <provides></provides>
  </extension>
  <extension point="xbmc.addon.metadata">
    <summary>A bundle of multimedia tools and programs</summary>
    <description>
This bundle currently includes mediainfo, mesa-demos, opencaster, tsdecrypt and tstools.
    </description>
    <disclaimer>

    </disclaimer>
    <platform>all</platform>
  </extension>
</addon>
