<?xml version="1.0" encoding="UTF-8" standalone="yes"?>
<addon id="driver.dvb.hdhomerun"
       name="HDHomeRun"
       version="7.0.101"
       provider-name="libreelec.tv">
  <requires>
    <import addon="os.libreelec.tv" version="7.0"/>
    <import addon="xbmc.python" version="2.1.0"/>

  </requires>
  <extension point="xbmc.python.script" library="default.py">
    <provides></provides>
  </extension>
  <extension point="xbmc.addon.metadata">
    <summary>HDHomeRun: a Linux driver to add support for HDHomeRun from silicondust.com</summary>
    <description>
Install this to add support for HDHomeRun devices.
    </description>
    <disclaimer>

    </disclaimer>
    <platform>all</platform>
  </extension>
</addon>
